"24","Timmy-Tinny Tails- Misinformation","0","6"
"25","Timmy-Tinny Tails - Disinformation","0","6"
"26","Timmy-Tiny Tails- fake news","0","6"
"34","Kicchu and Bhai- Surefire ways to protect your password","1","5"
"36","Kicchu and Bhai- Surefire ways to protect your password","0","5"
"37","Kicchu and Bhai- Two step verification","0","5"
"38","Kicchu and Bhai- Email provider","0","5"
"39","Lala ki Leela- The Stop Sign","0","4"
"40","Lala ki Leela- The Stop Sign","1","4"
"41","Timmy-Tiny Tails- fake news","1","6"
"42","Emma the Nurse vising home","0","6"
"43","Emma the nurse- At village","0","6"
"44","Emma the Nurse - At chemist shop","0","6"
"45","Mousey world- How hackers find you","0","5"
"46","Mousey world-  Sharing is Caring","0","5"
"47","Mousey world- scam or not","0","4"
"48","lessons under the sea- Phishing","0","4"
"50","Lesson under the Sea- Smishing","0","4"
"51","Lessons under the sea- smell something fishy","0","4"
"52","What is an E-mail service?","0","1"
"53","Email made easy","0","1"
"54","Dad got a Spam email","0","1"
"56","Digiman-Spoofing","0","4"
"58","Digiman- Hacking prevention","0","4"
"59","Digiman- Spoofing Prevention","0","1"
"60","Digiman-Hacking","0","4"
"62","Timmy-Tinny Tails - Disinformation","1","6"
"63","Timmy-Tinny Tails- Misinformation","1","6"
"64","Kicchu and Bhai- Two step verification","1","5"
"69","Kicchu and Bhai- Email provider","1","5"
"70","Lala ki Leela- Online Harassment","1","4"
"71","Lala ki Leela- The RBI Formula","1","4"
"73","Digiman- Hacking","1","4"
"74","Digiman-Spoofing","1","4"
"75","Digiman- Hacking prevention","1","5"
"76","Digiman- Spoofing Prevention","1","5"
"77","Digiman- Phishing","1","4"
"78","Digiman-Phishing Types","1","5"
"79","Emma the Nurse - At chemist shop","1","6"
"80","Emma the Nurse visiting home","1","6"
"81","Emma the nurse- At village","1","6"
"82","Digiman- Phishing","0","4"
"83","Digiman- Types of Phishing Attacks","0","5"
