"189","38","uploads/38/Emailprov3.png","3"
"181","37","uploads/37/Twostepver1.png","1"
"182","37","uploads/37/Twostepver2.png","2"
"183","37","uploads/37/Twostepver3.png","3"
"184","37","uploads/37/Twostepver4.png","4"
"185","37","uploads/37/Twostepver5.png","5"
"186","37","uploads/37/Twostepver6.png","6"
"187","38","uploads/38/Emailprov1.png","1"
"188","38","uploads/38/Emailprov2.png","2"
"180","36","uploads/36/Surefireways6.png","6"
"179","36","uploads/36/Surefireways5.png","5"
"321","59","uploads/59/spoofing prevention1.gif","3"
"320","59","uploads/59/spoofing prevention 4.gif","4"
"319","59","uploads/59/spoofing prevention 3.gif","3"
"318","58","uploads/58/hacking prevention1.gif","1"
"178","36","uploads/36/Surefireways4.png","4"
"317","58","uploads/58/Hacking prevention 5.gif","5"
"177","36","uploads/36/Surefireways3.png","3"
"176","36","uploads/36/Surefireways2.png","2"
"175","36","uploads/36/Surefireways1.png","1"
"316","58","uploads/58/Hacking Prevention 4.gif","4"
"315","58","uploads/58/hacking prevention 3.gif","3"
"314","58","uploads/58/hacking prevention 2.gif","2"
"329","60","uploads/60/Hacking 7.gif","7"
"328","60","uploads/60/Hacking 6.gif","6"
"327","60","uploads/60/hacking 5.gif","5"
"326","60","uploads/60/hacking 4.gif","4"
"325","60","uploads/60/Hacking 3.gif","3"
"324","60","uploads/60/Hacking 2.gif","2"
"323","60","uploads/60/Hacking 1.gif","1"
"305","56","uploads/56/spoofing2.gif","5"
"306","56","uploads/56/spoofing3.gif","3"
"304","56","uploads/56/spoofing1.gif","4"
"303","56","uploads/56/Spoofing 6.gif","3"
"302","56","uploads/56/spoofing 5.gif","2"
"301","56","uploads/56/spoofing 4.gif","4"
"119","24","uploads/24/1.jpg","2"
"120","24","uploads/24/2.jpg","3"
"121","24","uploads/24/3.jpg","4"
"122","24","uploads/24/misinformation.jpg","1"
"123","25","uploads/25/1.jpg","2"
"124","25","uploads/25/2.jpg","2"
"125","25","uploads/25/3.jpg","3"
"126","25","uploads/25/Disinformation.jpg","1"
"127","26","uploads/26/1.jpg","2"
"128","26","uploads/26/2.jpg","2"
"129","26","uploads/26/3.jpg","3"
"130","26","uploads/26/Fake news.jpg","1"
"198","39","uploads/39/5.png","5"
"197","39","uploads/39/4.png","4"
"196","39","uploads/39/3.png","3"
"195","39","uploads/39/2.png","2"
"194","39","uploads/39/1.png","1"
"193","38","uploads/38/Emailprov7.png","7"
"192","38","uploads/38/Emailprov6.png","6"
"191","38","uploads/38/Emailprov5.png","5"
"190","38","uploads/38/Emailprov4.png","4"
"217","42","uploads/42/6.jpg","7"
"216","42","uploads/42/5.jpg","6"
"215","42","uploads/42/4.jpg","5"
"214","42","uploads/42/3.jpg","4"
"213","42","uploads/42/2.jpg","3"
"212","42","uploads/42/1.jpg","2"
"168","34","uploads/34/Surefireways6.png","6"
"163","34","uploads/34/Surefireways1.png","1"
"164","34","uploads/34/Surefireways2.png","2"
"165","34","uploads/34/Surefireways3.png","3"
"166","34","uploads/34/Surefireways4.png","4"
"167","34","uploads/34/Surefireways5.png","5"
"199","39","uploads/39/6.png","6"
"200","39","uploads/39/7.png","7"
"201","40","uploads/40/1 (1).png","1"
"202","40","uploads/40/2.png","2"
"203","40","uploads/40/3.png","3"
"204","40","uploads/40/4.png","4"
"205","40","uploads/40/5.png","5"
"206","40","uploads/40/6.png","6"
"207","40","uploads/40/7.png","7"
"208","41","uploads/41/1.jpg","2"
"209","41","uploads/41/2.jpg","2"
"210","41","uploads/41/3.jpg","3"
"211","41","uploads/41/heading.jpg","1"
"218","42","uploads/42/heading page.jpg","1"
"219","43","uploads/43/1.jpg","2"
"220","43","uploads/43/2.jpg","3"
"221","43","uploads/43/3.jpg","4"
"222","43","uploads/43/4.jpg","5"
"223","43","uploads/43/5.jpg","6"
"224","43","uploads/43/6.jpg","7"
"225","43","uploads/43/heading page.jpg","1"
"226","44","uploads/44/1.jpg","2"
"227","44","uploads/44/2.jpg","3"
"228","44","uploads/44/3.jpg","4"
"229","44","uploads/44/4.jpg","5"
"230","44","uploads/44/5.jpg","6"
"231","44","uploads/44/6.jpg","7"
"232","44","uploads/44/heading page (1).jpg","1"
"233","45","uploads/45/cover.gif","1"
"234","45","uploads/45/panel-1.gif","2"
"235","45","uploads/45/panel-2.gif","3"
"236","45","uploads/45/panel-3.gif","4"
"237","46","uploads/46/cover (1).gif","1"
"238","46","uploads/46/panel-1.gif","2"
"239","46","uploads/46/panel-2.gif","3"
"240","46","uploads/46/panel-3.gif","4"
"241","47","uploads/47/cover.gif","1"
"242","47","uploads/47/panel-1.gif","2"
"243","47","uploads/47/panel-2.gif","3"
"244","47","uploads/47/panel-3.gif","4"
"245","47","uploads/47/panel-4.gif","5"
"246","47","uploads/47/panel-5.gif","6"
"247","47","uploads/47/panel-6.gif","7"
"248","48","uploads/48/cover (1).gif","1"
"249","48","uploads/48/panel-1.gif","2"
"250","48","uploads/48/panel-2.gif","3"
"251","48","uploads/48/panel-3.gif","4"
"252","48","uploads/48/panel-4.gif","5"
"253","48","uploads/48/panel-6.gif","6"
"254","48","uploads/48/panel-7.gif","7"
"274","51","uploads/51/panel-4.gif","5"
"273","51","uploads/51/panel-3.gif","4"
"272","51","uploads/51/panel-2.gif","3"
"271","51","uploads/51/panel-1.gif","2"
"270","51","uploads/51/cover.gif","1"
"262","50","uploads/50/cover (1).gif","1"
"263","50","uploads/50/panel-1.gif","2"
"264","50","uploads/50/panel-2.gif","3"
"265","50","uploads/50/panel-3.gif","4"
"266","50","uploads/50/panel-4.gif","5"
"267","50","uploads/50/panel-5.gif","6"
"268","50","uploads/50/panel-6.gif","7"
"269","50","uploads/50/panel-7.gif","8"
"275","51","uploads/51/panel-5.gif","6"
"276","51","uploads/51/panel-6.gif","7"
"277","52","uploads/52/f1.jpg","1"
"278","52","uploads/52/f2 t.jpg","2"
"279","52","uploads/52/f3 t.jpg","3"
"280","52","uploads/52/f4 t.jpg","4"
"281","52","uploads/52/f5 t.jpg","5"
"282","52","uploads/52/f6 t.jpg","6"
"283","52","uploads/52/layer 7 t.jpg","7"
"284","52","uploads/52/layer 8 t.jpg","8"
"285","53","uploads/53/frame 1.jpg","1"
"286","53","uploads/53/frame 2 t.jpg","2"
"287","53","uploads/53/frame 3 t.jpg","3"
"288","53","uploads/53/frame 4 t.jpg","4"
"289","53","uploads/53/frame 5 t.jpg","5"
"290","53","uploads/53/frame 6 t.jpg","6"
"291","53","uploads/53/frame 7 t.jpg","7"
"292","53","uploads/53/frame 8 t.jpg","8"
"293","54","uploads/54/f1.jpg","1"
"294","54","uploads/54/f2 e.jpg","2"
"295","54","uploads/54/f3 e.jpg","3"
"296","54","uploads/54/f4 e.jpg","4"
"297","54","uploads/54/f5 e.jpg","5"
"298","54","uploads/54/f6 e.jpg","6"
"299","54","uploads/54/f7 e.jpg","7"
"300","54","uploads/54/f8 e.jpg","8"
"322","59","uploads/59/spoofing prevention2.gif","2"
"330","62","uploads/62/1.jpg","2"
"331","62","uploads/62/2.jpg","3"
"332","62","uploads/62/3.jpg","4"
"333","62","uploads/62/heading (1).jpg","1"
"334","63","uploads/63/1.jpg","2"
"335","63","uploads/63/2.jpg","3"
"336","63","uploads/63/3.jpg","4"
"337","63","uploads/63/heading.jpg","1"
"338","64","uploads/64/Twostepver1.png","1"
"339","64","uploads/64/Twostepver2.png","2"
"340","64","uploads/64/Twostepver3.png","3"
"341","64","uploads/64/Twostepver4.png","4"
"342","64","uploads/64/Twostepver5.png","5"
"343","64","uploads/64/Twostepver6.png","6"
"379","70","uploads/70/7.png","7"
"378","70","uploads/70/6.png","6"
"377","70","uploads/70/5.png","5"
"376","70","uploads/70/4.png","4"
"375","70","uploads/70/3.png","3"
"374","70","uploads/70/2.png","2"
"373","70","uploads/70/1.png","1"
"372","69","uploads/69/Emailprov7.png","7"
"371","69","uploads/69/Emailprov6.png","6"
"370","69","uploads/69/Emailprov5.png","5"
"369","69","uploads/69/Emailprov4.png","4"
"368","69","uploads/69/Emailprov3.png","3"
"367","69","uploads/69/Emailprov2.png","2"
"366","69","uploads/69/Emailprov1.png","1"
"393","73","uploads/73/7.png","7"
"392","73","uploads/73/6.png","6"
"391","73","uploads/73/5.png","5"
"390","73","uploads/73/4.png","4"
"389","73","uploads/73/3.png","3"
"388","73","uploads/73/2.png","2"
"387","73","uploads/73/1.png","1"
"380","71","uploads/71/1.png","1"
"381","71","uploads/71/2.png","2"
"382","71","uploads/71/3.png","3"
"383","71","uploads/71/4.png","4"
"384","71","uploads/71/5.png","5"
"385","71","uploads/71/6.png","6"
"386","71","uploads/71/7.png","7"
"394","74","uploads/74/1.png","1"
"395","74","uploads/74/2.png","2"
"396","74","uploads/74/3.png","3"
"397","74","uploads/74/4.png","4"
"398","74","uploads/74/5.png","5"
"399","74","uploads/74/6.png","6"
"400","75","uploads/75/1.png","1"
"401","75","uploads/75/2.png","2"
"402","75","uploads/75/3.png","3"
"403","75","uploads/75/4.png","4"
"404","75","uploads/75/5.png","5"
"405","76","uploads/76/1.png","1"
"406","76","uploads/76/2.png","2"
"407","76","uploads/76/3.png","3"
"408","76","uploads/76/4.png","4"
"409","77","uploads/77/1.png","1"
"410","77","uploads/77/2.png","2"
"411","77","uploads/77/3.png","3"
"412","77","uploads/77/4.png","4"
"413","77","uploads/77/5.png","5"
"414","77","uploads/77/6.png","6"
"415","77","uploads/77/7.png","7"
"416","78","uploads/78/1.gif","1"
"417","78","uploads/78/2.gif","2"
"418","78","uploads/78/3.gif","3"
"419","78","uploads/78/4.gif","4"
"420","78","uploads/78/5.gif","5"
"421","78","uploads/78/6.gif","6"
"422","78","uploads/78/7.gif","7"
"423","79","uploads/79/1.jpg","2"
"424","79","uploads/79/2.jpg","3"
"425","79","uploads/79/3.jpg","4"
"426","79","uploads/79/4.jpg","5"
"427","79","uploads/79/5.jpg","6"
"428","79","uploads/79/6.jpg","7"
"429","79","uploads/79/heading page.jpg","1"
"430","80","uploads/80/1.jpg","2"
"431","80","uploads/80/2.jpg","3"
"432","80","uploads/80/3.jpg","4"
"433","80","uploads/80/4.jpg","5"
"434","80","uploads/80/5.jpg","6"
"435","80","uploads/80/6.jpg","7"
"436","80","uploads/80/heading page.jpg","1"
"437","81","uploads/81/1.jpg","2"
"438","81","uploads/81/3.jpg","3"
"439","81","uploads/81/4.jpg","4"
"440","81","uploads/81/5.jpg","5"
"441","81","uploads/81/6.jpg","6"
"442","81","uploads/81/heading page.jpg","1"
"443","82","uploads/82/1.gif","1"
"444","82","uploads/82/2.gif","2"
"445","82","uploads/82/3.gif","3"
"446","82","uploads/82/4.gif","4"
"447","82","uploads/82/5.gif","5"
"448","82","uploads/82/6.gif","6"
"449","82","uploads/82/7.gif","7"
"450","83","uploads/83/1.gif","1"
"451","83","uploads/83/2.gif","2"
"452","83","uploads/83/3.gif","3"
"453","83","uploads/83/4.gif","4"
"454","83","uploads/83/5.gif","5"
"455","83","uploads/83/6.gif","6"
"456","83","uploads/83/7.gif","7"
